place_id,place_name,place_status,pack_id_ref,packageId
1,Iskon Temple,Active,https://www.indiatravelblog.com/attachments/Resources/3644-1-115680868_c2836237bb.jpg,1
2,Wonderla Amusement Park,Active,https://premiumtravelog.com/wp-content/uploads/2018/12/Bangalore-20.jpg,1
3,Nandi Hills,Active,https://img.traveltriangle.com/blog/wp-content/uploads/2018/05/Cover2.jpg,1
4,LalBaagh,Active,https://www.nativeplanet.com/img/2023/01/glass-house-6136629-1920-1673434188.jpg,1
5,High Court,Active,https://media.istockphoto.com/id/1192261413/photo/high-court-of-karnataka.jpg?s=170667a&w=0&k=20&c=nuCo4eZWHmxUVUSBmYtoRW82YnnheDya-K0mR7Dt0ys=,2
6,Chola Temple,Active,https://assets.traveltriangle.com/blog/wp-content/uploads/2019/05/Brihadisvara-Temple-At-Thanjavur-1.jpg,2
7,Cubbon Park,Active,"data:image/jpeg;base64,/9j/4AAQSkZJRgABAQAAAQABAAD/2wCEAAoHCBUSEhcUFBQYGBcaGxgaHBsYFxcXGhwhGxsbHRcaGhobICwkGyApHh0bJTYlKS4wNDMzGyI5PjkxPSwyMzABCwsLEA4QHhISHTQpJCo0MjIyNDIyMjIyMzIyMjIyOzIyMjI7ODIyNDIwNDIyMjIyMzQyMjIyMjIyMjIyMjIyMv/AABEIALcBEwMBIgACEQEDEQH/xAAbAAABBQEBAAAAAAAAAAAAAAAAAQIDBAUGB//EAD4QAAECBQIEBAIIBQMEAwAAAAECEQADEiExBEEFIlFhE3GBkTKhBhQjQrHB0fAVUmLh8TNykiRDU4I0c5P/xAAaAQADAQEBAQAAAAAAAAAAAAAAAQMCBAUG/8QALxEAAgIBAwQBAgUDBQAAAAAAAAECEQMSITEEE0FRYSJxBRQygaGR4fAVUrHB0f/aAAwDAQACEQMRAD8A1mgaJKYKY+js8QbTCNElMDQARtA0SNA0ADKYKYc0K0AEbQtMPaBoAGUwjRI0DQARtA0SNA0AEbQtMOaBoAGNCNEjQNAAymEaJGhGgAY0DQ9oGgAY0I0PaBoAGNA0PaBoAGNA0PaEaCxUNaBoc0DQWFDGgaHNA0FhQ1oRoe0DQWFDKYIe0EFhRYaBocBA0YspQ1oGhzQNDsQ1oGhzQrQWFDGgaH0wUwCoY0DQ+mBodhQxoGh9MDQgGNA0PaBoAI2gaJKYRoBDGgaHtBTAFDGgaH0wNAFDGgaH0wNAOiOmCmJGgaAKI2gpiRoGh2FEdMJTErQjQrCiOmCmJGgaCx0R0wlMStCNCsKI6YKYkaEIg1D0kdMLDoIWoNI/x0eJ4dQrpqp3Z2eJWjziXq1/XPEExlOLkEhjyszAlOBjpHoshdSEqw4B3GfO/vHNjza7Lzx6aHNA0PaCmLaiVDGgaJKYGh2IY0FMSNA0OwoZTBTEjQNBYqIqYKYlaEpg1BRHTBTElMK0PUFEVMFMStCNBqCiOmEaJWgaFqCiJoGiRoGg1BRE0FMStCNBqDSR0wUxI0DQ9QaSKmCmJGgaFqCiOmBokaEaFqHQxoRoe0DRlyNaRjRnji0r6x9Xc+J5WBZ2fq0aRtHlum1S/roX8JVNBI6BS9+7RHLmcaorjx6rs9PWWDxzH0h1ptStQsOUAuLsX9W9jHTTyAk1Fgxu7e3eOO165cicKllTBLlrm1TuLfEzAxHqcj014KYYK7LMucpQBrXgfe6WhIp/xSVshQG1KnDberZ7vBHDrf8AuOrT8GL4LLBFKku5vUPidldffeOvTx/wwiXLlulIvUoOnp8JIPufxjj9RPKKGoIUQBe13a2/yidc2sFJNjcUk7G729IxHPJfp2Myxp8noXB+JjUoKglmZ7uHOQI0o4X6I8VlyCuXMmZakMbndrmOyka6WvCm87R6GLqIuK1Pc5smNp7LYsQsKLwNHVqI6RGgaHNCtD1C0jGgaHtA0GoWkY0K0OaBoNQUNaEaHtA0GoNIxoGhyiBn9vYRHNnJRk36ZPtGJZVFW2UhilN1FWOaG1c1O7PGYvialuJaT/ut38x7PEITMeqo1eRHzue35Rw5PxKEWlHf2erh/Bss4ty29L/02mgaKEjiWEzAQrq36Z9L9hGilQIcFx2vHVj6mGRWmcOfpMmF1Jfv4GtCUw+CLazn0jKYGh8ELWLSMaAiHQjQ9Y9A1oRoe0QamYpCXSirqAQGDG9/8xl5EjSgJOnJRdSgnOSBi5brFQcXkf8AlR7xxP0m4wmeqXyhBAZRBBNyLVNgb+UUTIKEKK1UkUlCQQSXf7xwbHrhi2/DPq5X9KVF44VW52Wu+k0kJKUFRJSplAUgHAub97CPP5c4S5oWVXCgSzqs7s5YEwybMfDP3PzsIrqmqTk+rW+WI5Z55z5LRxqK2Ot4p9LBNslC0JGOdIUScEsMZsDvGZK14U5IO3xqOcbDEYKkVXpNhU7uGtffrjvEUzUF7BusZk5Tds3FKOyNcmZ0f/1/tBGQZ6j978D+ULC0js01qQRQpRwLhhg2Kdwf0hPBShXKpTMLG47CrAuYqeGpRK6SqoBXxAXJvaLWgBmLZSMBzu5Pntb5xjhCLWm1XhrCSQVG4ZP4Hc5jY0/EWXUFuCL2bHR/SMh0JNKZZG5BJG5BL4A6YeATEoI+0BYEsQAH69QcRlOzSPQPo5xZMxJQpQcFunp5x0MeTaDVGoqS6a2qds4s2LiO04T9Jpaky5aypUwmh2AwHqJJbDXjuw9SorTI58mPe0dM0DRHInomB0KCh2IP4QzWa2XJAMxVNRYWJ88R2dxVdkNDJ2gaMU/SaTey7YsObyDwh+k0oAlluMBhfyv+MZ/Mw9j7UvRtwj3jnB9LUA80pYB3BCj7f3hup+kcuYUCXN8I3Kgs0m2zXfLxOXVxStMrj6WU5aTpmgjClcbQ15qPRX5nESHiyCLTU7/eT83ERf4hG6pnWvwqdXaK3HuPBE1OnlgKmHmW6wgIGUir+Y9OnmIzzqZhzJCt28ZGNizc21y8U/qrag6h0FRqKqVhTkgAFhjEbOrlkoZKyglmUkAkeigRHndTn7kz2ug6ft4b3vfxuyCVxCYkj/pi+320o+wMWP4xMf8A+Or/APSUfwMS6fh81SFqqJrJEtRSkUm1hYOx65iqrQ6gIfxA9IDlCCAuznzIe0RUX4LSzY73b/72GTtWr70iaH/+sv7mERxFcvmTLnNj4Ar5uX9X9Ita3STEMqXShFwrkcFZS4u4uCxbeI5Mp0CsJKlBlkJACiGu3S0JScN1t/yVVZbjdr7I3tFMqlIUUqTyiygAWbcDFtofImpmJCkKCkncYjn/AOKHwzLSRKpNIITsLBiTv2iPhIMg8s2tF+U8o88x60etjFJNnzeToMjlJpeWdQ0DRzmp4+tMxPIAkOCXKnqZlCwIZu+Tu0MkfSJKZiwqYkpYlPVz90dGOx65iy6mL4OafTSgrZ0iiAHMZ+p4xKQl6wSzgC/+I5jifG1TEMMkA+jn84w5moDB7N3/AFiOTq3dRFHEvJ0k76STF/AEpDn9kn9Ioav6Uz6WQwsz0uX83t7RzWr1ShhRZxgZbz2isjWgBwoCokub0ucDr3aOfuZHvZtwj6J5s5yp5ZJJJUSAcvzX/eYp6gWDOLO1m97CJzrikNUTv0inqdOpZqAPrc27NCj8mqG6bUDdTP2Hb23hitVUSASL2Pba20V1KBTcQsmQVYFhndvSKaVyBMVbG7fidxCUObC/Q2zEmm05HNf1MNQmpZewHnvCsDUlMlIFUu3V/wBIWKHiN979+8ET0s1ZDpq6iCDZ3+Fw4dwD5bRpqIlsCq5ANvkPKzRC6a61MQkU9ycM2MWeJqZk1lIpbYm1Q8iP28KT98CSstomJNKqjUHZNr3s5IwOaHTVFTpYVB9rDp5iEOkWiWlSlfdNkglWVEvtYmIJxYoWk8oseoF2cY6eUTXOwUTzCpCebcC6Q3nb5RFOVXLezkZuA4OPZosaafWGIqILZII7+RaHI0yiQoskFZYVEWFn3cucdoWquQqzZ+jPGESbqlq+EpLEHdxvf5N3heLcfXqWAQEhKrDP/I9W2A3jGmyhS7HmcMxffI2/tEEkrIdCCQkByxtsXI2a79I2sraq9hUrJtXqAm1YvsC34bRNopDipSg3nvvsIoz5CDci45Q+OrN1sekWpnEAlKUy2AYEVWP4W9o0qZXHpu2aSySClIqJw/fzjQ4JpZahMVQkhRSfhseUXD7RzsjiK0kgCxbDuL+0dVpUpXLokgkqoDVUXcOxuw/e8RzN1R6PRtSy6vSZHO4IoqWxZyAGTKIQBmnlu/d+0OXwRdXwAgSwP9KWeb+eyX9MRh8W4lM04lmYFkrMwAiaD/proNqQ1/eIuE8YXqp6ZKEzKlBTc0sfCkqNyGwkwqlV6djo1xT069zpE6FOnQ8xICnprCEp3fawtCcQ1qShkTKVOC9NdtwwcF8esU9NolLRKXMSooXzpH2VAB5kuliRlrF7F4ujhssE8iCCLDw029fvRJx+q2vk6ozuCSfPlfYklcSmS5cwp1lPxGWkyiEos4CvsyVX3feIUcZ1tJKdVKUqlLEo+8SPEvSC2W3FoWXwSWtAExKB4iCDTKCKVeIqlQL2FKRbzLxLpvoryJcy6qpNQEsWBJE1ic4cH8XeLpS4R5sp4HvK9xdTxOdMISmcmYkBRIUgkhbEIIIazm4iFOqmBJCpRKkhNwwSslqily4APWKuv4CmSuoCWokpTeWwuouaastT6v1YSavhaZaJhpQVJJKaakinZwFZaJyjfKvwdeLJGO0ZUquiurTrKkl1gKUoqeYQUgmwCWIPyhqdKqlwlVlUq+1V8DDm+DN/hx3i0qUmSy0qodJKvs5kz4RWTY2YA+cZc7imoOrTKlzDYiyJagVEByCkAqJsLPtBCpLgMspRfK/iy5p9CpaZhMyailimmYnmBdi1Apxi8clrpYE9YuqlTAkX2uWF7R0Wu+k60BClrSK01B5cwEjDg0kKS7h/OKmk4rLWpcxCZZWkVqUmWqoDBU5l2yzkgXikNUW3Wxz9Qo5YKNq0758FGbOpDJI9eVm9IZK52YgtYuB0LEvEWslkzFYD9AU0vsxSCPKI9P8AZ8xV1G7j8thFXx8nkvaVCa/SUmy6lZLBqRZzGWtIFioEYLNt0i3qdZd0Z3VZ+/pFBKSpQS4uRnuYpBOtxSq9idKgk0y7vgkMXNm/fWLmq+yoddSSkYCjcZJqLjbHSGjSpFipn5ksPkDcnIhkyX45ABApsXPkHbd2gtPkSKs5firwkbPi34RYooAS4Nz/AHhqz4PIpldwBjrDVahg7Z7w/twDLiCDj9IRakq/SKujKlkmpkpy5/KLMxKEgKKi5OTi/V4w9mFlWn+oen+II00aBLfEk92N4Iz3UIxpelmEZsGINyPRgf2IvaibMEsJHxOSpQcWJtkDvHRTtapA5kpKVG9VIDNZgA9+46w86dS01S9OqlQapEqYoEEWZkMU9+8Y718oe/gz9NrZqZ+llJJoMuQVJABBdNRU5Gbi8UZdcxfhFJ5wg3ODcm+Dcp9AY6bV8N1ilgy5C1ywiWFGyACEcx5mNj2/CM4cN1CJiZnhlJSxpWtIDJDk0i5yDtmNOXn4NaabS9jtNpORSvhUBKCdrkJqL7lycvC6g/ZypbM7qufh+GuxPTr0gHD51JUZiAkKBquq/wB3lN2tm9xEv8ISEpqWVB6ixEtgQ5AOwLeUQ1K0PfehShAmOougBd+4qAFWwu/mBFvhPEJUlDKVUVvUA5ITa6Wsq35RHpNM6WSL5FZ3xUios9mcdI1JXB9UtFSZRod1FpYZh0cG7vb8hGXuqasFJxfpnOokWKqSoqILAWDOTci97wBS3SlSUBJIBt8N0gkZKm9I3lJIAExbXIFk2C8XzCTAyqEJFuovh6gb2/W28LuO6o1FJq0V9fwqWlTImmYhqkrKFS3sQQEqBNvSNThKk6dSKyWKwajYDDxSRImmWqYJaghJUkqJZLjZN3LBj7vFXTVGk3UmklQATgEkljsLexgabL48jg241wUfpoj6xL03hGsjxypNhTXMrSSSWLg7dIg+hmmVp9WJkxkpQibcmzqlrAAZ2cn5xuz9KFAmWAkixxS7WT0/xES+HaugqMpVH9KTSxVkKGQ5Iv1Iikc0tOlIhKSctTe/Jv6aekypEtCgQmXKQQ5eoA1Aj94iCVqVGZMSoISlFNJqupwSxBFsbPGAVTBlCtlYI7BXa8WELYATUFshwQC4sR1sfnEmuW1yd8OunFRjGqXPzsa41RMiYpcxEtbkhPLMZkpZqiMntaISubMZR10uXQQ1K0jxE0odRAWAkuFWLQKlSvDrXLZJcJeoBQ3Y+nv5w1Gh06yD4SObHIB1csz9orDrNEa0s8/PHuScm/4IpKp4d9e4QQSoLSAymsWXcDri8XtPK1CSkfWkzQXUpXjLPh00mlSfEY1AKGCPKGjg0p2EtILA0gI32NI/OHI4fRyyzQcFkhzY29lH3jX+oRXMSLxPwytNCp4BROlyxcFJmBKrou7jF233tEXDNKlGslTDMCyJkwFRUC5oHNs4Ox7Q9fBrkkgnuCPLCojTwgJIUlAUQQQ6ywIe+L7fOJx6rGlSXwXnOU5am/N/2KXE/o79alaRSFykhGnQhpswpU4WosAAdjvFTgvC16ZerlzCC+nCQUEqQXmIslRAez2jXmcISf8AtqYMzLa5wC0Rq4VKlpUTLmAjJcqudnNgc2LRv80nGkjCT1XZU+kumlHVTVhaqysWYBGE2fPrHOajSqsGBcEWU7HBHXJjq1aFFRARNqz8BqAHZvLDjvFdOlFLpJANjUgk9Pi2gjla8DcfJiangyhpBOKkAC4SK8BQSqzWAe5J8oz9AmQRNEweIpaSJdlClXNd3F8dR+EdSNJstSSLIuBe+HIPn6xIeAJufCTcFuZQ8iwzDj1Kj+pg47nJcOKSSpSSoAhIBKgKSFFJ5SDs3qI6vjPC0p09Rky0uEhK0qmVAm6cqU+PWGy+Ay5aV3EpSqaQVEhTG4JazAmOn4zozM03hoWgqFJaoXpsWiWXOtScXsdWHDqxydfY8gnaVThIWFKJCWw1n32hs+QtAdTPbCkmxwWG3eOtmcKB+JPpS9htiJZmkSTzEGoAH7O+GDFvl/iOj8xGjipnJStMqwIKUqBN7OzOz3HnFiWtggMaVVgeQZx3DGNOZwoMAiYzWAUk2z+RhVaFAQhKll0EgFLECtgfwjTyxY1FnPHVNhx5Y9II1DwqX/5E/wDFUEa7kP8AEZo0hw+WkJ8RMwqJeymBG+3zx2jopfE5unlywh6AGSK0ksPhDJuGtFbWp8IstACrioELuxNgF2BcX3ZxFRUwMhKWUtT2AU4y9TixYPYn5RxSevlFVLS9rNSdxOdMQ4WbOGq5twLZwpv3asuZUApTLNh8SwP6gQwO+R3vFjh3DfEUDUlCiCU0qubsUMAyCUksVEAt3eM+ZpFLIAADWcuk+oPe3piFaX2HKSRMiQg8tblQTTck1EpsHZzc4BuPWHfwwggKCzly4DdCz3vs0WtBw9KSFK5lDBZNm6FnjRCQmOfJnp1Ew2vBmy+HFwVVGlmc2sXx07d4v63iM0IEtK11KLAVPcnB65xD1zLW/vGJxaStQCkubsw2P8zb2fHaMY5SlJWwVrhlH61MmzSlaCJgZCAhIrJBJKpguXYnvYBxEupWpg6/upa4wCwBAL42PQGK2o1QIKlFS5ilfEL4syjnHnviHLKnqUi11KFJG38p9P7R3v4NJxou/WVeElJW7EmlnF9g293MNTpipJdUtKpYKrqLrckskhJDgNYkfkGzlIMoF+lizMRfJG3UxCjVUlJwALqDG1s9R3PQRlfYE15BGqKwAFAbsXBuwsNzf8Y6LSJVQDUXPQs1sW3BeMDXahSQFoUouLkG4ywO2594nl8QMvw0pYIDJUNyDuS2ceneMZIuSTjsCUa3ZNqNHMS5STfsX8niHTLCz9o7kMEpsoG9NRYjLAWNli4jV02o8RTEjl6Pd3/t+xCTtChTmgEkM+D7xKOZx2kF6Vs+TJXqj/prKrXZSrBvO58hDjOZT10gEA0kEgE1Wc5xY+rQ6fw1VdQACbffL28+wG8RfUlpmEkJbI8t37mw9Iupx5sTm3yze0HFFS1qEtSTWu8zd0pJTaxl8rW6hV4dofpJMCnfmJcqYF1cqQSo3HKBv+MYuqUiSmqk5DkXFyM+pa8VpHhlImC4c3dgWszEXv8A22hJtptWC32R1mh43MMxaqgSWBJzu2/Rs9Is6bi00jCCbkmm74Yl+hPuY5BMmYgKUGUSrALqCdyzAkYv/iLum1i0BJJAJB2SbXSRS7/o4iM1PmLBWdHP4gtaaeUB0k0p/l+B/IY6QxWuWoKCgCFEFThwsjBUH5vMxhyOIJVOJpUlDMXL8znmxhm+d9o0UaqWokPjtmIyllj5Y5JP0aQ4rNrrsF4rZVVP8tT4iNPEDQZYRLod1Ic0k2ynD4OIqhaDZ4x9NrkietB3Nmd3sGbNg59RBHJlle72Gq42OjXxdRVLKkJUUfC61OnHw2tge0U58+WpRXQqtRJJE+Yl3zghodbrCuPOMd+flji2rpieLLAFMlyC7rmVnzClOYsI1ss5lrB/pWD+cVVS0nYRCuSkBww94O7fK/gos+VcM0EamTZ5c33QYVU7TWJEy12YAZwphcfrGRpF+Il2G/kR1F8H84qz9ZTMEuncObsx3eNxbuklZmWSclT3+5LxTWCapRTLEpkMkIYJKn+Igu1id9k2jFQtaQorQFrPwsBa/uTbF8xvzrKCT97BYt5ecM1stKEFagkYDlhclhk56DrFI53sqW5KpPg54TX+KWl/9vtv0gjfky0qSCpNzm0Eb73wOpGIjipmlctBcKL015p+GrAJD+WWaJ5IUjmKU1JIIDpUHz8Jz5d4NJwRRSaUqSlq3MtbFhsUjv6WiGZJSAQSQkEAil2PQ2tYReSjWzZlx8mnI4jMWZfhzUpmq5LIEpgSXKlIyHJOCwSNoiE0gpl+JKWkAkGWQsBz8NTVOD1fsWjLmaeWGomIVylzYXZiFEsG89+saOn0gRNWgzEMlIJ50qckOaVAsS5FozNJxdDdtNUX5Bbz9YuBcUVTqClaE1McsCL2B93zFxesSssAzdG/SOKePaxKOlbsSZNJ6DzistyhQJu3L3PTHT8oshfb9+sMWn95jMXpe4rOa00mZJJ5FKuS6qWu4skEButt4fNQssKE/wBOfQAjOWAP+NwptcsOuSB5G5igdMUqBZSwAcUA37ZtHZDLrfCscVZU0+lUjmVWVEkkAKsQT8VrjGOhfs9emWuZ4hTeyWZgWc4JvnaLszWKSSKVWaxIs+NsxQ1nESkh3y+Ra25Z/aLqOTml/UGqLOk0swGhACQ6iCosk5IB/efOKuv4fqFkk0kkUsEjzyPX3iSRxQzEslwxI3dz1YP84uyNaFC4USHdjSAe7pyMekZ+pPhWZVEfB5K5YAKOrlySdxZm7P2jSmTCKdgTdujd+7RkTNcsYBAbdQP4CK87VTCxqIY4a1mbfP8AaMy6Wc3qdDXwbZnEzKXDHH5nvsPWHL0gy467H8YxNPqzLWwFrdy77bRsztVRQHQupIUChVRS/wB1Yayg1x3iOTp8kGqQNeivqeHJUGVcHI8zFOdpSjwky2pqxdhbI9sd40505YBspLMFOC4JZrG/TMHi9WMLuTjyJ2t2Z4Ics5Zr4dohK08xAuBb2v5iNCXIDqKmYlha92N3ztiGTNBLBvhwc29vWNRnG92wSRWROxTLIfNsnscfM4ijptYrx15OzAEM3Xu7+3lGoOD8tNamcn9taA8MSkHmfa5zG1PFvuOkRafVOhTguASNmA+JhlVjs2Ix9FOKdVUprF6ksxsGdh+L5Zo15+gSUus2TcNYWwLnr+MZiUpJBJIJJBVgj9PKKQcGnQKrOgXxitIVLXUsmnw0oJKb2UlTfaE4YB7wh4qCmWiYFJmFQBSORVskg4wxBZowla1CKk0oJcKExSWUhScFBSd8/pGjw/i32qTJ+3KmUTNQhSytQCZlK83YAEm4fG+JYY6bS4Kxmm99jo0rBDhQw+0ZnGlqQKgTSzKwEgXy/wC8M8Ta7SrlqKq5aQokmWhaVUEF6VJtQQ5DNsYxuJT0LCpZWBM+7zAX2vtfoxjmx4qkjLnT2JpHElIYVOVAMGsnAsD8Q9toi1M1X1kG4sMOXIJBC7WFKj25iLNGJo56ygkhXISlySVFrqF/unr23i7J1MsTKi6WBamXW72AYEM9g/Vo6uzTYKWpVwauq1TqrSmyLF29GINrE+8N4hPVMl1EGl2CUkO+xU46Xby62p6GcgouUHP9VthcgJt5i8O1XEEKQJagCaXZkqsFClKSWvjY43iXbqSSXAKQyVPRSKnfezfn++gxCRTEsm7oT2UVpI8w9oItpXsp3fhGujjOplsZS1y8AIUqtKdiAlQvhwG6dIn4nxIKnFWj8SXKCRylmSVKIU4LsHKQO9hZoaeJVI8KZMNICQsUpFIQSwFgSQ5x7xNPGmlzf+jJUnwy5Wrw1lRFikgpY3G2/Z43Fp7NApN+TM1MxSlJmSySLBRV4aVpUkGpkJPw7g9Yl0CZsoJnpBQVldKlUgEhfOQLsQTew7xBruP0TDMlgoUsKSSFVmlTAhRU+zCoM98QStSmlCyohPNYktliWOH75gnstkYb32Za1WpXW7GosaQ9zYnFh+FjF/SSSE1qcFyWOe4UHsQ3zjOXxgLKahXSkCobhLXJuSb79Gja13GE6lKDMuSAApKSitmYq6q/XaITX07oap7k+nl1mlFPUla0oGzl1Ee0LMlplqKFUlRAKaSGux9bPFJC0qDSyQUsq75flIB36RS1momla1TFgqUPiskEbAmwswt1GYkscZbeTMq9GkiahVgeoY2NvOHL09nKkgd7fvMYfDV1DxFTA4JBFOQpJDk7E4/PYdMrSSpmlmTkqNaGeWCDSGAKiTcA3IPpA8DT2ZlIoTtKFfFc2+XnmI16OWfufr6xpfxFM3TgKCUzEKpCUBRBBJqdRH+1r9esQLQQyikhJwS7G5vcXjMpTg6tils+SgNJLGEse1m7w5OlQCDfBzhnx7/jF6ul6S0MKlm73ZsxjuSfkPpKC/Ce4zbBY/KER4T4HZ3Hkw9PlF5QVgqWAdgWEUNRpZjuJivVZfuO3lF4PXzKv3HS9izaE3CUODuLZ2O2Yp6SahClPQ6iSQRVSrBIUnJDAC7C3lE8nQTlB0KXnZTbOMliMuO3eKC9DMlLNSiDkpqSCMYQDe3Rs9I6Y4vGqx6XSZp67XqXMddS1FuYtdgAKipiWDe0V16pLgqIuxfdwPncN6RTmTKSQpTDcqJBNsc2/q/aK2pIIBSpKnzYpdNLgh8HG8Cw70JtrY05OvCy5LXYBqnGxIsz2LbRJO15UQgSyQBYgMMNyk58ox0y9koUz5pHTzMOWvLs7WuEMdiWF/LvFJdHGrTMJUb2m1ctWbdySx8oVeslAtU7bByPwjntFqSU5A36P2DdDvGgjVkkBRqTbla7sPhcXuT7Rzy6TlmkkzUC0TPuhQbYd+0RL4bKIpCWHQbf8hb0igvVkBknlBF0ig9Q2RjZvnEw1iqHNTuzkAAHra5jHYyRVxY0n4ZmTdMEr8NIUpLMHY7gZAZuncRZTw6hIUg0gsMNe55iO5Pv3jY+jidGtC/rc2YibWaaSfDpYUn4Wy9j/KIoon1ByyWOVBi+C2XN/wAYpKU0JprchGkUq1aQ+zUglh/KL+kU9Tw+osZYYWdKbm/xFmJLHftG0TMloKQSEqANiS5BcG99yXzFQ6iuZS4JDsXLgepvjt6wRzyiDb8mEvh8xKbS1kMwvs/Q+7PDNNp5jmtJDZcWZr+vz7x17tZ/cPDQLswtuRf0s0L843yhWcjUEhg6RiwYfo8MXNJKQ6gFfzVEgpIqUHLFw1/KOxlgKUAAnLZa+4A7GHzpaC6VpSA7FwzFxe2MP7w31ab/AEmlFsxJGpFI51DNik2v2Hzgg16kImKSQss18vYbveCDX8Gdyjp9apZclVf399uZV+3vEnFNV4iUqqJKeXKbtg4fLZjIqQlRKTY3tZnD7C5idE6XSUpYWyUluzE3+X4R29tXZpSa2LOmmpUa5kz+RwtJUkhGxoYhs23D5hNfqCoC5pqWwQ4DEh3cMYzpdR5XI3uS3q4tv8ouTkkqQUBRJYEk9nJbLMWhuMUx6m0P0erSlVJJIBCgXY7btbuQxv7dXp/pACzKW5Z/9M4a5FIt+gjB0+kBU6iEm5JURSDkXAt07uIVfEUJSOZ2Jw/Qfv1jLxxnyjUJyirT2OlncZIqTQpd2uEg+4N+vp6xm8T4mJiVJVLmIUAyXQld+jILvjbyEYp4umwDknzHlDhxArS6Jazc4cs2x+ULsQjvQ5Z3LZsr8F1S5QNct0bVJNQYggpGxtuI6bTcTnTEzZZmKEtRKzSC9hdyPQMO+8YQVWBVLNT/AHnAGD8xC8KVORMrQCbFlAqsxB5WIyfeMzjb2MRlTrwa2kXSaQpIYPSosS5dk9QP0EdDw7jKl6dcpQmGogBJDoQEmxSrup8OzdBHJo0OqKfECEqlglRJ8wk8pJ3s/wAon0yJqzylUoJSkBitTl3Zg6rsBgtEXipt2Wi1GSuP9fJro1SVXTghw/Tv0/tDkznLC+7gWvFTSa9brRqJSFsfjqUlQ2NjmIZc2WaqFKIsQHSG9f30jjnj0tonkULtefHo10q/bCEUCNgR3aKsmcaSqtJDsQo8w9sxFL4ipSiKQ23973iOhkXGmaMvcix7Ej5whkZLN3DHpvC6dYWHBuMj9L4iVbpsxJbYuA9xv0g3RumlfgoajhiJjki5s4IGegNv32ir/CUJSQyjsHPzsLxrontsPO4/OHnUg2YfvMaWWa2TYk17OemaMM2B2NnaIDw1KkMpiLXIuLbdN46GYsDKRbs/t1itqbpdL1OKWHKWyC2Lfh5RePUZOLEk7MNHCEpwG9fLr5/KDU6QJTVWAlJH3Soi9i2Ts7A7xsqqCeZ2JOAR05XfPpGTxWVPSgmWVLTSqoMkqYBs5a72/KKQzzm0mxbsq6RddSn9eZDZAcNSwy7v7Rs/VbEFRc5ue7jG9vaM3RqmILFKr4sUgJbB8yQcdekb3DJPjJmGplJTUEkEP/7KYDa94WVyb+kpCEm6RmKkS0EMG6liR3BcsYdqZaWJcEG252Hsdoj4rLnLS0uVN6/ACGa4qBMVZM9YQQQyajWFChgQLDYcoNu28GiTSbYnGSe5qTkSEy0lExfij/UQQSgpLipJGCC3XeDTygrmpFw+D6XLdY5yaooWU4CUhiSCwN00vdzZ7XKWi2VKNDz0Bs0iYpWHcpsD7xqWFtbMEmzcRm5/JrGEXMAHMWHp8oxtRqpmUzkkvvLULC3U3aGzJz5mWCC4Skpe21QKXBvmMLpZcsejfktT9YKSsMzUlSi/XFPQ9O8CtUpUthSDdRKWNPQXD79DiMuVqEzOdZLEuSQAm/VrpVe19hmItYFJXWJgKTzMlNX+0FRAGbZ222osKuhPbhk/jrH/AHVDtXiCIJs+aSaK0p6Gm3Xbq8EV7f2F+5j0KFikeh6RZlyypJY8zb436bwQRZyZgk8FaphawJAYMwvhIdhGvptAoBLXF2NgXYkA/L5wQRz5ptDLKNKSaVKIsSALkUte5ZrktEsrRAsQkMbgkAlje8EEczyS9gSK4eeov+u1ofL4a5dSza5ADWz72ggjHckPyXF6RRFlMpm5QEght2uT6xVmaM0lXiEkDYfrBBGVN2NsikahQQZJWplVd3ZnSS+HaHSJVysFQAZ2I92Iv+MEEXyNmpzbZaTo0kk3uS5c/vrDhoyByEAbhst3ggjmcmTY9GmJsWbttgQiJH7t+cEEZtiItNJWlZVylWLClhtd77fu0WdKpQNKbEOSLZdyehfzggjcvIKTROpBJvmA6shKeVKkgbpLhn3qG5w0EEJbWWUnBujN1mqZqi6nTgNc/kflBotcFrZIIICn+THPn7wQRbStAv1S39kpWkTBVzWyAx9Qd7bGLZQnb9viCCIy8GskUpOimrVC4csk3KXGLDzDmJtQtCkgpUopULhQFSc2B6NuL/msEV4RrHJuLI0MJZD1DArDkeRBBaHypaFpzS2AhISl3GQXPrm+8EESeWXszCbYszRSLmZppS1/zMKrfCbp6DrFZchIfw5KTvzplqA8gKb367QQR0Y8kizIFyEq5ZmlSkpFzKUlB7Egkp62vEc/hX2dSEKAqZ1LSovtYAWhYI6ZTaEop/yZAlkpNIp+IEqZSSrluQz/ACitP0kxH3QpiCSFNdulgUnLNBBGoSdkUluVU6oG9CL/ANAgggi9GdTP/9k=",2
8,Ulsoor Lake,Active,"data:image/jpeg;base64,/9j/4AAQSkZJRgABAQAAAQABAAD/2wCEAAoHCBYWFRgWFhYYGBgZGBwYGhwcHRwcGhoaGBgZGhoYGh4dIS4lHB4rIRgYJjgmKy8xNTU1GiQ7QDs0Py40NTEBDAwMEA8QHxISHzErJCs0NDQ0NDQ0NjQ0NDQ0NDQ0NDQ0NDQ0NDQ0NDQ0NDQ0NDQ0NDQ0NDQ0NDQ0NDQ0NDQ0NP/AABEIAIkBbwMBIgACEQEDEQH/xAAcAAACAwEBAQEAAAAAAAAAAAADBAECBQYABwj/xABEEAACAQIDAwgGCAUDAwUAAAABAgADERIhMQRBUQVhcYGRobHBEyIyQlLRBhRykqKy4fBigsLS8SMzk1OD4hUWF0PD/8QAGgEAAwEBAQEAAAAAAAAAAAAAAQIDAAQFBv/EACwRAAMAAQMEAQQCAAcAAAAAAAABAhEDEiEEMUFREwUiYZFSoRQyQnGBscH/2gAMAwEAAhEDEQA/AOUuJ6DwkwqAiB6h0To58BEUwi4hJpxlV54PlG+HANaxH+IdNovqJVKOeohUpW3iB2hlpMKloULLbNR57xk0CDpl0SbtD/GBHTDUumWVDulXcjLqzm3ZA4wMKYyjXiFzC0anExaoykeC8whEpwK1V4xmjUU6SbobaGppbQRtG5oujDoh0HPFdCuRlZcGCTphQeiDcLtLLTvDhIAOeaexHjDuNgYEtcRUtPBzBvSDtHMckNFcUsHh3m2jN5EB6Se+sTbzbRmWW8VG1dEkbX0QPURtrHAJPorxX6zzz31nng+RG2UNfV576vFfrJ4yfrJ4wPVk2yxn0En0MUO0mR9YMX5pDsoc9H0SpA+IRQ1SYMtFevPgK035Y6xHGBZ+BMXNSAqVIPnGWmMu54wD1XG8xV354s9bng+YdaTHn2p+MWfaWiT1ueCNUc8PyDrRGn2p+MVqbQ3EwT1V54u1URlYy0Qz124ntgfSc8C7SnpI6ob4sHFelMj0plwg4S4pc07Xg4FuKJUMJ6UyKjog9dgvSRc9A3y5pkDELEWv3bvlzRcpDYb8njtipm7BbZ5+XHqij/SMG4Rc/ia9gN5sM5Xbaj+wUDBgQQfVN7GwufVBzuOjoiL8mgZqrFBbIkMcxfPDmL20tGSl9ydOlwhart7l7K9Qhj7zMoBJyNlOg68od6T+jRxUrG9t7Dne3rbsgOJYQL4QVVgyqSpOQDAqFx2uAb2AsCDmeeOVEQjGGLqmLDTxtYBMCeoxXMEHFYZhVtzynBFZechBVxp6zVCyAtmxyALGwIJzGul8iL8H63J1Kp6RigQgZgMjElSSShBKk7yLZgdUV2rZKbWKDEzoWVbhmxEk2KrlcAjJr2Cm7G01K7CjTTEg9VFUg2UY2ZbMuYJFgwtbP2tDJt+ikp85Fkets7D0dVjTwlguEurKMJJUHQXY5+qMsjN/krl+lUUYytNiPeYYT9lu3IzA5NZEBR1UlGwlmLtTQY3OBVVTmcanIH2jmN18a11ZVs1vdRGJZcYOWK5N7aZZWG6LUqu/7Gm3Pb9HboiEAgqQcwd3VGForxHbOC2HbDQK0lR2UsMWIEYC2dlGYAtnqBOi9IwnPcteTpityOiSivxd8KtBfi75za1m+KFFQ/EYmH7G2nSKifGfvGedkHvsOsmc8hPEwqpfiYO3dm2GodtTcz/vpnn5QXdiPTaZy0zz9kIqdHXM6ky0xg7X09suNrMTZTzTwU8R3SLayWULA6u1Q6V+MzAYVTNuFemjRWqIRa3TM9Wlw8DsX4x/0/OZYVRzxANDIZOtQb4xxXhVcRVYZZGtUOxB1MuJRRDokCvPcnTwUEtaHWlL+ih3E3aEyJQmNOkBUSLVDzSYu7xapUELVESrSbtpnTEplK1YRGpXl6zxOrUG+VmsnVOkjz14Fq8G7CLu4lpY3xoOasrji3pJHppTJtg0HhFYb5ntXnhWMZZFco55Gk164AK47MRlbMi/d2y60ojyps+GxXEGOeIHeLAAk3sM93NPSymzw6zM5APyeqi9UsGOhJXMcx1vnobRqnttFVCmoyHDkFGLM6row7TvmBt7hSFJxMBnckgX6fKZxI4b+7hKbc9yC1MPhHVlDXW1NwVBAOIkaG/rYj3c8z62xum8ZG1sTEa2BDWAA6SDmMpiq5GY1nU8l8uoyBK1JWtkWwrodPVtnprM8rsZNV34YqeTAT7QRl9pWUjPUFr5YCcgQc7xenamXV1DEj1WBP8Ap1NxFicS+rwNwOudFtWztTT0uzsrIpuoJxGmN5VhclRvU37ssvll6T4WZTSqYh6RRliRrgVUvkw8Q3XAqyNUKf8Af/scqOj+gVQVKjMkk4AFZWBN74iy6cemI7fWs2AjG5JYnFYgMA4IOV3sWF89d+QleSqD4WbIFGSxN7YzUdArgkaksb6iw0zjvIdD0latgscJVRVFwMIJxEetfE5UdROY3h4XIybrC9jTVyyBEqsFQG6KjNhJvnjrFRc+ucS2PtZG8SXZVVDVfaGWtqMa3GIfC4bIjCM7EZgZ7nOUitNmCMHKghlAYqGJ1ch7LYiwvbfkRB8pYqdENjQC1iAl2Le0AWOa3beObdET7Y8hpd8+AnJO1PU9WqzFn9a7DNlBHGw46aX6p1FCohFhYlbBhlkeFhpPl/8A6zVxh7gEbgLC3PvPTe819m+l5QACigzzwlgCDwBJsdOyJq6NVzJXQ6iJWKO8FuEsAJgU/pCrUhUwsOI1tbW+htz2mlsO2rUTEtxmQQdQROWpue53zWnX+VmgohVMx9p5Zp03wOWBsDkpOsco7SHUOujC4vlkdMjpJ0rSy1wMtjblPkeB55JYcYqKkn0sRtjbENoeeSTzxP008KsVhUjytCI0QFSW9JFyHYaS1BLCqJmioJYVREYfjNMVhCJVEzErQyVZOg/GaiPD02mYtWM06sjnkS9NmojRykt5m0WmpsbXgdc4OHVW1DdKnD4JamsLhnraPSuo3Hn1XIjWSZlczYr2tMTbHnm6/wBl7Tq0PuENoeZO01Y1tVWZO0VJOeWe1oaYKrVPGJvVnqzxR3nVEnW0kXZ4ItKs0GTOiZJ1SRcvILyhnhKYIuyby4aDxSbmHDEdoWQTmuX+U3LNTHsXtYgbuFujvjA5ccAnANctbW4frOf22uzsWbUknLQX3CelEYeWfP6mtuWELEyJ6elSB6eE9PTGHKO3VFXArkLfEADbPiLb8pZuUGZVR/XVbYQfdANyq20B0iU9BgOWaFLlOooYBvbbGx3khWXUfbPXG+RuU/RhlxFBUYYyoHqrxXnzPQJhyyoTM5TCqaeTo+WNvVMC0GUKM7rqxI3kjd5zH2nbWdQr2JxFr9I5sgOgRVgd8j/ECSRqp0yC0Ls4UsMRIHHw3QMa2KjibMZDsvujCjO2EKwKE4SLnO+uR0NzpvmhyXyu9NWBBIcj1rnLPjY5aTDr0CrW13x6zLYgKRldTvta9xpFqU1hjzbl5RtbZWNRg51tY2/hJF50vJp/0U+yO6cM/Kaki989bZAcAOaHFUjQkdBMlejvlT2wV0tdxTp85O5xyQ047/1WrgChzkb3v61rWtfhL0+V6qrYPlnqATnznOc76SjsXXT6Z2GOSrzi05Uq7nOZJ3anqlxyvV3ue7o4RX0de0FfUJ9M6+ttSoLuwUd/YMzEqfLgbEERiVtrrYsoxYVubetfq3XE5WvtDve7sb633/uwigaxuCbjffMdceekX+onXX039q4Oqp8v1c/UUi4AOKygnPOwJ05+uG2Pllj7bJmL+0oAudDc8JylyoOZz1sYLEY1dJDXYSeutPPc+j0ttRjYOpPC4v2S9XlFEydwpyyJzz32nzdGIIINiDcHeDC1NoZiSxuWzJOpkX0Cz34OlfU3jtyfStk5QRxdGDgG2XGNptWdr5z5SgIzBsebKGpVmVrqzA3BvfeM/GRv6evDKz9Rl8VJ9f2fbhpfTz08JpJymFBYnIC8+PpyxVxYsfrcbDhbTSGq8vVXUqz3F76KOjQTlroK9jVqaNn3fZOUkOjDLXsvHDti2vcT880+VqmXrtbLedBoI7/7p2lVwrUIA0yBI5gSNJWF1OmtstY/Jy10em+Uz7Ht/KqDLEoJ0uQL7su0TA2zb+efKto5Zd74mJJ3nM9sXq8rVji/1H9bM569e7SS/wAFd1up8lo+HRXs+h19qJmc+0gtYMCQMwCLjqnB1eUahyNRzf8AiMVWqVOIEg8QbHunTH0/jllX9UmeJk7qrXVTYsq3ucyBqf8AMzeVeVRSAsAzNpnlbibazltors5uzFjxJuYB3nVHSTLTZza31OqTUrB1DfSGkFvZi1vZtv4YtOuCX6RIUJKsrDQDMEnn3dc5lmlS5tbdLrp4OV9drPyb+xfSBhf0nrDK1lAtxvnpbriux/SF0xYvXvmt9FOfNmNMspisxMgrlrKfFPol/iNTjk3q/wBKHK2VVU/Fr2A6d8x63KNRmLFzc8CR2AZCLMplLGNMSuyErVuu7Hi8o6A6zQOyAaXvuva3XEq6kZHCDnu/SMSBCiu+VaiJDNzjshTtHOOyYwB0FriThFhpnaEO0Za936zy7RznTn+fPMYhALbs5WkANfCMU9p/i8fnJG13PtEdQmNyJ1EJOQPZD0bgWsewwlbbCDYEnqE9T2onVjfq+UxuStRLi1jf7J+UvTX+E7vdOu+TV2iwvdu75SKe08Se39JjclK2z3IIUgb8rZRmkAoyBFzF621aWJ7TDbJVDe1i+8RMbk8UbGGwm1rboznb2T3fOBrVFVwBe2+7H5x9VSwslyR8TeZit4CkxI7Kt/YhcB4Hvh6qOtgLgHcCLacxj2zUyVGZ3jVvKB2khplt4MpgQLkEDiRYdslKTMLhWI4gEzdp0AR6zC1/4j3aQyJbIMQOzrzk3r4LT07Zz67LUOiP91vlLLsFU6U3+6ZtrbP1j+x0wqU76A91/HKK9djrpl7MJuTaw1Rh05eMANna+neJv7Rs4+E6bwd/RFk2JcWSk25iRrzGZa/HIK6dp4RmDZXtewt9pfnK0tmYnIDtHzm2vJrMSRTy3WB+comw4TmjDqt5mb50BdOzMXk5ydB95fnI2vY2pKWbDYWFsQvmQNBnvm02zU2BDI7C2ah1B78/8Tmdu5EqLd1QhL5YmQtnxAOfZNGqqfLwPeg5WUshalVVXFiU5XABvfLTLTrgU2vEyDIXIxEnIA3Bv0ayr8g1wL4Ccr2FychzC0EvI9Y4fVtiIAuQMySBr0SqqPaI/Hf8WdHsvJmNWYVKYRRdixYWFsWhW+Qt2xGmyDHiqqQrD1hdsQYmxUAZgcDYiCo/RPaGBICiwvYsOF7Sux/RbaHZ1Ci6GzXIG8A2J4XvJKtPnNJl3OpxiWjseTPog1ZUdK6YXAK+q4uDplbKb/8A8Xvgv6db6+ySPGb30Z2B1oUlvgZUVSMCkAqLa5X0751oov6PDjF7a4Rb7t/OedpalalXysLOP/CmprVGEv8Ak+M7X9AmS99oU24If7pmbR9GGUn/AFCbfwEeLT6pyhsz53dW3ZIB/XOd27ZXNxiUc5Gf5pyx1ernDa/R26M6dz9yycK/0ct7xJ5gPnFzyGd5PdOnq8n1L/7ot9hLeMXqbE++oR0InnedUdRf8l+h66XRfaH+zm6nI1tMR7ILaOSStsKnrInRPs1jnWf7i+Ul9mT3nqt9weK3nRPUPy/6ObU6SPEv9nLnkt7XwiQOS2sdAersnU/VadsjU6yg/wDzlE2envVz/OB4IJVa/wCTnfSr0/2czS5Kc7h2iUTk1zf2cst3znVpRoX9hh/3GPgshE2cE2QX53qfKFa/5/oR9Njx/ZzB5Ie18SZ8/wCkXPJ73tjTtE7BvRD/AOsffq92UKKdM5mgD0vVhWt+RXoel/Zz+Efv/MyuVaajPEL8MvC83hTPwj8fmsQ5VTL2D2N44Zaa5IVPBy5MiEcG2YPXeDlSZ6el1QnQGHpbI+oW/WPMzGBBhbSQF6O0eE1qWzvY3Reo9t/Wgvq72t6i6+9Y2587QZQcGaBL0QQ1sNzwMdoUMzd6OQ3sN/DKXSj6ws9HMZ2AbdfTBYTZNgHtCkroBmdLeN84utM2PRxF9Zp7TROAHGhtuCr4YM4EIcB1PH1FA/LcQJmaMxRnqB0x3Z6SA51lvlYBWPfYCBTELeqbX4D5TY2TlPDYFCD0a/cUTNmXIltdNLg4+b2Tnz6xzZqqgAEm1ucf1TUXlQkH1HPMDUJ7nBltnUHM0617bhXPeHPfJOuOUVmOSjimwUWc9DoPzKZo7PSGEDTP3npeSQL0VsMtpHQtW3feN0KaYfZq67xn3znuuDpiOSvoTuCH+dfIiGpgj3E/5B/eZKqNyv1gecnAPg7bSLoukVe//TT71/6TIFIHVCPsnLvUS4Q/Av4flLgEe6n4f7YGx0iporlZnXoP6iLts63/ANx9N4DeNQRrC25U7APASRSb4F6v8RVWAuRP6ol9Cemmh8KhjFLZVF7C3QMPkZY0G/6affI85NOidfRr1ODA6eAzKTGKVIDQW6/kol3pg+8R0FR4wSUm+AD98YazcOwkeci6aZ0S/BK/ab8JhaVxYeuenPwMEotqx/5CPOMo6Wze3/c/XOTpsqmhpATu3fC39sb2BCpYkDNjoGB/LnFqTrf2j9+aGzuNxv8AzX85zU3jALWVk3OTyMr9n+bToVAwc1py+yuQRbPrHnN4V29HmracV7b3tOjontdZ9M8fqp+5GNt4BP6/KYO0oM/VHXbzE2dqqk7j+E+EydoOufcJxpNHodOsJZMnaEHwj8HyiFWnnkFHWs1apG4gdFopUA4k9A+SzpiWdbtIzqisN6j+b9YBw3Fe0/3TRdRxYdR/tizsugZj1N5CdMpolVpieA8b9APzlFpE7nv9lj/VG6jjSznq/ugxa/snrKjzlZbIVgAtO3xH7St5meCEEm35vmbQow/B1lsu4ybC+SX6GsOyOmTbBK7cBf8AmlcZ32Hb5xt009TLnb/xM8UO5D975gQk8mOEJ1QdbfpE+UNmxa0kI441B6iSLRrGnxHqMFtHo7Zhz0M3kZ1p8nDSyjnK2zge4n/Jfzij0re733m5UpUzpRc9J+bQdOhT09Aekt/5y6oi0ZCbOeA6Te3hGaWz/wASfdJ/pmg1JBpSH4f7jKIg1wL95B4w7jYAjZRbMpe25bHpzEC2yjD7S36FHlNQAkWCBewnughTqW9jTfmOvUXi7mbCEtj2ckn1l03Z7rZerGaWytiVg+62jE9Qw2hthD3bXnsHIPXY2jFNxcAuVt09mYgqmGUj1Sm5UXdsuGXlAiibHNyecC3hHXdd7ntAy7ZYYL51Gz3DDbtx+UTLKOTG+rm+qA31z/pQ3m1sQBABdSeYPb99UNSpoDfE5/mufzRlFF8sYHO1z2frBVNo0ThkocsnS2htiv4QtBd4z6rd9p40Re5v1lreNpbCLaDqN/OQo6ZYYqN/5j+sIqLbT8RPkIDB0j99EslgAMj2SbQ6oLgT4O68sET4R91ZQG28AdUuHPxL1X+UXAyZHoxuX8IkBeYfdkkNrcdjecqXt7y/vrgaGTL4DuK9g+csqDe1uiDFYb2W/D1T5yy1OGo/hPgDBgbcy9wNHHb+s8Cp9/sse4yFq66X5rjuvIFS+5T1N5QYMqYwqIP8CXIQZFe0D5wC1BxH4r+MIKhO7vPnEc4HTGFdBqtv30y4qpwHZF0fgB2kwq1ObtB85NlEhynUF/0Mao2O8joAiNJ43St/m46hIU0vI+3jt/Zo0UHx35jb5TWpMnobNVtwBbLsABJmNSXcThvwU+OZ7BNh9nQ0h/qC+hOZz4ZC8po85f488HFr90n78GXWdb2DA/eA74htFQbgT++eM18OYxjqIHccxM+uw3XO69x/gyGFnydennACo5OnjaLuzcD2+Ms9Tm/fbFXdvhEtGPyUar8Fi7dHYfEwdR3OQwjpRj4GUZ34HqNvKD9e28dJv850zySpYCOHA1A/kPmcoAs1/abqAlGd+bu/zJJLaM45h+i2jpEW2i4D/Eexf6rwVRGO8D+T9JDqeL9ZI8ZX0ZI98ddx3R0sCN5LHY2GeIHqteeVG+K3b5DzgzRO8vb7J/uMj0NtS3WD84yQjbM4OvN2yHqJvw9ZXzEHj5hPPhGoTrnXtOLcsFG2hNwXn0PgJFKuCclXu75YOo1AHWD+YiEV8srnodgOsLcQ4E3E42+FBz3HkZRcbH2VNvtAdzZyr1w2WJR9o5drZTyrbVwe+3QFPzmwbIPancD/AG16lLd14sWc+0i5byGHYFzPZGndL51COuoO0Hd1SHqrcYXVhxDUgfxLeFIDYKmrYs8BsN+K/VfMRsMoIO/+Fbjrvp03k/WrgWx24h0N+pdOoQquDuJt8WMnP7S2MVjI9YHUtfgFp+JPlL07kZYhu0QeBF5Dgk3Fxl7rW6vWyng62sQ1+dQ35biKMeVADdzkMs0Q9pxDwjKILZFQu71Ab9jRFKyYrYkBv7yhD2FY87s3uqRxDX7sNoKQUWVNwYDoWx/PCjZrb79N/IxSxGoYdljz5QyVQd9z9lvPKJSKyNimMt3UJZRb3h2frFvXOdwPuiXIbex7fIGI0iiGMJ3eHzM8E4jw/tMVDkaqzc/riS7jgwP2r+JgwbcNfVx8Kfd/TynmsNB1AH9IEsdLMDz2+ZkByN5HTp06CI0OnxwMqRa4xc+p/SSqrvz6j8rRYu24qe2/4SZdHJ90DnxEfmXzgwEYQLvI8JfGn7/QGKKH1s34D53lWxDf2o/ke+bAUx8Aa+Y87T1lOtuu0UW5zBToIYfmvPWfgvSAp/ozi4ZRY9jqMOC2HD/EKLbrdljEVR/4e0A/kEKt+HeLydJ+iszL8jiv+/0h/Sc4HUf1meHC65aZ6dWR0h6G1IcseZ4Oi5dF5Gk/QyU+x6nUQm1l6g1+4jxjlTamVQPSYgfdBdbHnuTY9cBsj6AMTY5Ws35Xv2CaG18oBECsHRjocNdRlvzup7YJTeSVtJpJZM56x5yeGNj/AFX7oqxPAj7x8TD1NvDHFiNzz6/eTxMSq1SdCCOcDyHlFSeexWMY5YJ6g4jtAgmcfsnyMs5vzdHncQDoDz9KqZeU/Qa2+yzfZJ6P1vBOxGYV+4jvEo9Afwj+QQa0+r7OR7llpT9Eac+wjbVzMLfwOe8WlG2xPiz50fzvKmk2uOrz+uo8TeUxsPadusX77GUSItov9Z6b8yuO8ZCDbaxfNLn7X9wlsV8vVPSP0tIu2hpqeggd1o2CeV5KNVB0Q9x8PlJWpxXvcd1jIx2923Nc37hIO0KMvX6MT/KMpYHSMVRzDslSD8HgPBoQyVnUjjSQBi3wtbd65HmYUF+BHSp8j5CTV3RgwsCXAsVbpy3FteggA9ZlMDgesGI4FLH8LnwmifKYnKH+4n2h4iBBcrAYlQSro6KRna9RebK3qmeFOmToLbsVFvIrNE+ZjDewfsxvApl00z9VltwXEp+6wNh1y6o173a32KbD8IueyO8naN9qEXf++MQZCIS51HUgU96AyyU2JslRlOlvVPVmnnNbZt/TEKn+5AvIwemHGWIG3FRf8LADsgKrMDeysb7yoI6L5X6TG6mhij+y0WfufIXwHo1Xt7w608spZ2fm7L+YmRsHtzoE1HR5RGsMeXlCtydwHSWXyPjDsMr94JMW2nXrkLp++EGApjCXGd27vCwhXc20N+BF/CLDQxmjui0hpZYBbaZ82UGtQg3C37T5zz6wy+wemDAUyibU3Ajw8DCq19wvx1g4WruivA2WVKEaEdlz4iWR33AX6bd1ofZ9BBvoYUYorv7ykDmse+8LhU+7fnsR3wb7optm6FysmVND4QdHPe/iJdXvwy5/0mVS0PVEB/udcy00D5WdQtTK9jfmuT3SjVgfcxfaX+4Qmz7ugyOMk8Jl1lgwlPfRVb71OBsvsmeCoTdXrU+hwxH5fEwi6dflMSr/ALnXKxpqiVU5ZrMj+7tLMN2JFPbcnxgi9Ye8jfyFT+e0Muhhj5iTpKfC/RSPuXd/sTNeoNU6wwEqtbLMMM+OLwvGTKxVS9IdxX8mLlwfi61YeIEtj33J4wdTfKrLqUQptE1QScsum5gw54+I8p55WpoIUibeWWYHdY/vrlRfeqjnFrytHfKVND0wBCsFB0H765GFTuHYJ7Z5NTWMmI0f/9k=",2
9,Nimhans Brain Museum,Active,https://encrypted-tbn0.gstatic.com/images?q=tbn:ANd9GcSKW5vIViPZP4T2wN3pVyIcjZAXdKMdo2aceQ&usqp=CAU,3
10,Tippu Sultan's Summer Place,Active,https://youimg1.tripcdn.com/target/100c1f000001gsvs6A6BD.jpg?proc=source%2Ftrip,3
11,Bangalore palace,Active,https://static.toiimg.com/photo/65227812.cms,3
12,National Gallery of Modern Art,Active,"https://static.toiimg.com/photo/msid-37959956,width-96,height-65.cms",3
13,Palolem Beach ,Active,https://res.cloudinary.com/sunleisure-world/image/upload/v1607148473/sunleisureworld/thingstodo/2021-05-13things13-39-12,4
14,Baga Beach,Active,https://imgmedia.lbb.in/media/2018/12/5c2a00fbf6013242160a576d_1546256635955.jpg,4
15,Benaulim Beach,Active,https://www.seawatersports.com/img/newimage/places/benaulim-beach.jpg,4
16,Cavelossim Beach,Active,https://radissonhotels.iceportal.com/image/radisson-blu-resort-goa-cavelossim-beach/pool/16256-114074-f63657846_3xl.jpg,4
17,Agonda Beach,Active,https://pix10.agoda.net/hotelImages/251794/-1/c46bc17722cfe39b67cac3aa03ae3763.jpg?ce=0&s=1024x768,5
18,Basilica of Bom Jesus,Active,https://www.holidify.com/images/cmsuploads/compressed/shutterstock_1073481062_20190822145857.jpg,5
19,Varca Beach,Active,"data:image/jpeg;base64,/9j/4AAQSkZJRgABAQAAAQABAAD/2wCEAAoGBxMUExYUFBMWFhYZGhkaGhoZGR8aGhwcHBoaHBoaHB0dHysiHx8oIRscJDQjKCwuMTExHCE3PDcwOyswMS4BCwsLDw4PHRERHTEoIig5MDAyMDIwMjAwMDMwMDkzMjAwMjIxMDIwMjIwMjA5MDAwMTAwMDAyMDAwMDAwMDAwMP/AABEIALcBEwMBIgACEQEDEQH/xAAbAAABBQEBAAAAAAAAAAAAAAACAAEEBQYDB//EAEEQAAIBAwIEAwYEBQEHAwUAAAECEQADIRIxBAVBURMiYQYycYGRobHB0fAjQlJi4fEUFRYzU3KSB0OCJCWy0uL/xAAaAQACAwEBAAAAAAAAAAAAAAAAAQIDBAUG/8QALxEAAgIBAwIEBQQCAwAAAAAAAAECEQMEEiExQRNRYZEFInGBwRSh0fAy4RUjsf/aAAwDAQACEQMRAD8A9BinApwKcCttmDaMBTxTgU8UWG0GKUUUUoosKBilFFFPFFioCKeiilFOwoGmijimose0GKUUUUooFQOmlpoopRQFAxSIoopRQFDUqeKVAUBTxRRSoCgYoop6UUWOgDTRRkUqLCgCKaiilFFioClFHFKKVj2kbg+Jt3GZFcalnUv8wgxkfT611vALuy/WI+NU3Fc80XbloeGgBXSQp1HygtJWT72reNx8aoeM5iNRdtLfxAZGCf4isPeOfKJExG1cTPq9Vj1HT5fKvybcWnxThxJbvr+xq+J5naVZ1BpwApBJPbFdbFyQASNREkAzHf7151y17nkIkgAGFzAbBI1EzurjbIjar7kHMHN9U1IhO6tu0e8BBORnt0rp4tTDI6tJ8ceZznj1EZ04Nrm2u3qzV6aeiilWmydHYCiAp6VU2XbRopU9KnuDaNFKKenosNoMU8U9KixbRopRT08Ubg2gxTRRU8U9wbQIpRRxTUbg2gxSiiilRuDaDFKKKlRuFQMU+mnpUbg2gxTxT0qW4KGimiiqNxHMLaHSWlv6Vyfn2+dQyZo447pukOjvFBauq06SDBgxnIiR96peN457p0DyjqAen9x9ewqfyEDwzH9bfgKwYPicM+bw4Lim7HtJ0Uop6VdLcFAxTRR0qNwUQuL5bauGXQE99j9RT2eX2kUqttQDuImfjO9S4pU27VEFiipbklfn3KteQcMri4lm2jCcqoWQRBBAqXw/B27YhEVP+1QPwqTFNVahBO0lZc5Tapt+4EU9FFKp2Q2js4G5iukV55zHxWuKqeK05LacT10wBhtKkCO4z12PC84tABbt1A5OkDWpY43bThSTONhWHFq1NtSVUa54HFJosYpRXAcckqJy2RkbaSwb4QKkqwOQZHcVpU0+hU4NDRSiipU7FtB00ooorO+0ftO3DMALLFfN5mGlWIBwp3mesfrUJ5YwVyHHG5OkaCKVcuAul7aORBZQxHaRMV1JABJ2GTUlK1YtvND0qyT+2LNfS3bWAW0kMCCCZE5AOOtaqxfRxKMGHcVXDPCbaT6Ep45R6hUoqLf5nZR/DZwHxjrmpYqxZIt0mRcWNSilImJzRRT3CoCKUUWmmcgb0bg2jRTxStuGEggj0otNG4NoMUF+6qKWdgqjckwB8zXWKxPtlfN+6bGrTatgeISYDE50jvMgE9BP9WaNTqFhjbIy4RL4znxvYtMVs/1iVe5309VQbTufTqFsBATAHZRgZ7/c9/rmK/CuNAtaCSB77BPRYVolegA+ma0D8nUqq3Scn3UECY3LQT03rzOoebUy3z4ivN0kRx45P6lRZujTAOp2YbT8YgAxjvWg5TaZUbUuks7GJmBgD8OtFwvDpbEIgXESMn6nMUXF8R4dsv0UyYBPl67bY67Cj4TqMf6vZHnh89vsanp5RjcvYkRS01nvZ72j1teS66gozaTIErqZRiewBn+4d60gr1cMimrRW8bQGmmiulNUrFtAilFFNKKLFQEUooopRRY6AilRUqdhRheK5WFt3NGo+GDLCUYXdJuQFMrEJ2gz86DjEe5bBYixCjWslvMMFh1VT0BkY3723KvafhmCDSQSX1n+1F0KxAztcA7+U9qn814C1ZssyN4Z0FEEiGn3g0+8WkyTsNorjeCnFyR0t/KTMZxnMrgYLLIMsJmDGZUHGmBgdsTVjyD2r8NbdpoCq+Tn3WM6p9CTj19IrN8xDq7qzqQpgEGRv0O30rnw1lmkYD52kzifp1mOhrNHJOLuzRLHGSqj06x7T2Ht6w091/mAmJzilyTn63tQeFYOVGmSGHRx2B37DvXnHKeYNbOtILZEGI6wSGBE7dKs+IFxVTADuRKohQGRqxChTMnqDOYzjT+sye1meWlj2PQr/H2wjkNOkHbJmSsf90iIPzrznjOJYFkNmQ5wlxy4LZOosACTv9SO4oOT8bN25bk6XgFQTpYhWEkL5ztML2OCKveYcDcv3VZ+Jt6VlVhVglVlymx0D3czPfY0ss5Zop9BY8eyVEgcXc8Ji/iqbekPdF3y22JyGtmAADic4ztFQ/Z3mfEXrt4FvKSGZ5KrAwCGBgBpUY7GKMW1s+Jfv21UsSpQZW55R59Lll9dpEnOa68q4JxcBvooR/E8FLU+GvhgEEKABJGojvGd6W6T6N2g2Km2ULt499zDKyj3oHvRAxJaDpG+fkDGy5BxiixGhrdzSZOk6W06Rq1MdBORMkfSsjxFrwn8Ihh7pctBYMUYl8MSuWjzAe71Mga72e1XOGuWLo0svRZBg+aNJgjzSPhEHrT08ZKb8wzbdiMf7RsPHln1uGU6xkMBGoAqNMR6YiK0nJefJbtsLsI/nJdmyxkafKfNBkf4mqm9yO6Xe7bBRLYCDXLm44xcY5iNIOwAziIrty/mgVWTwluMAwUOFZWQkeE0gFpRYEMCRnPQxhcMjbY5RUoKhcRzJrzoyurohyw8tyDBZfDOZ8uGEj1zVvwftWj34kLZFoXJb3vMJA33wfqBWK461ouwj3XuOACy6SNUrq0kiDkgR2x6VK4PhWsv4t1ApDgS/nUGSAzBWALTqMSB3OC1OOacZderQniTiemWLupdWll9GEH5jpWT9reOXP8AF8RXUgJqUKD5oYZ1N2mIPfaNHy8sdQe6z4Eq6KhEz/SMgic5GDmsn7W8qZnUkwWYCFEBVO2u5vAAnTtjHUVs1Lk4cGfFFbyw9juPm3btnWzAuTOZlzDlmPQQIEmZxitPXlt+4bZtJYYXFRzIEE6ugMDPx6/OvRuSXJtKC+sr5S3QkdAesbSMfeI6PO5ra+xLPjUXaJlUvAPZN12s2lcMSxu69Q1AgEZkg77YwO9T+Yc0t2wwLwwG0FjnbHXcYrhy1h4erGSSxChM9SQCQD86yfGdY8GJbEnK6XeiOLEpO2Fe4K21wXGUF1ypOdPw/fepAqBzbm9uwhuMSYJEAH3gNiY8vTJ71R8Z7Z2/BZgRr1wqoZOnuSRic9J7DE15T9Jq9RK53z3b/B0cWGWRqOON/Q0vE8bbt++4XE56CY1HsM7nFZzmHGHimmx7tt9KuFPiO2kEhGBELlRJxnrIFYvjOYXeIul2IExj+VYEDfJOOvWt3/6bAeFdAz/EBk9ZRRP2rufDfh+PDlXLcqfJt1vw56bTvJJ3LjjsjOcfy91e7bYlrywzOqgTaDNGPgJlSOnetZ7P83t+S27nxWOC/wDzG3gGBGAAInGJqbzDlSN47Aed7YE9cFjGfgB8KqOC9lil23d91yzE+bxNP8OJyACSVBJArtQxzhK1/eTjSlGcf75GrqFznjhatO7HSApM4kY6Assn4GalIhAAJk9+/rXDiuEDkEHS2xYe9pzKq38ueorbJuuDKlzyZL2X5tfN9xcZWDP1ENMHR5SQVlcxsCTnadoGnoR8f8VXWOBtpccjQquANGBJUhQ3ckkkTvJFWQFVYrSdk503wKaVKhq6yugppUNKnYUeLcguMbj+YJCxJ90AkAzPp+FXfOufNflwx07ad0wIkTBzmcfhVJwryzKv9LRsI65nA90VH4i2TuVAgwNX5A1wXJyVdEdWMYx57nQcUhafMB17fP8AWiXirYwrbesiKgeGYGm4fXTO3aZo+HVVb3pjoxye8GMUOEfMsUmT+C4wKyMvffedPQ9TMkGCKsv9ve4mljIBDZMEaRAg7gD03gdsVlspEdBjMZzuTXW2I2zgdcDGd/x9Kqk/IoyNos+B45Ld1bx95SrED4gmSpE5J67GNql8XzO22kjVq0gQcHE4MAEjMd96pNR2nvnt3/f7HM6u57dJBg5E7+veopuqsgsj6lzx/Mmf3tM7ESR5YUAEbHYdCfjV7yv2pVID2YCnBQzuCDAJg7mPzisaJnIA/Oe4GI229aJLuABHWJAgwJnPwHSnCc4O4sTe7qX3MuCtfx71uQlweRNmErJYnVOosp3BxHpWi4Xn9iyq+LckwzIYkSF/iKrYkEiQD1+AjDo+Q0N8hET8D8R9D2oL7BwUJwcEgCQcEb+p7VdDVSjK6+oOG6NHovCc0scVY/hzlHIWMiJWT0GZ+JntR2eQ2taXFJHkCt/eDqmT0Mxkeo6151ym9ftKbSXCbZ1GUMGADjOcZOk4Jn53/L/a6/b0hrVy4pEDUpnBPUD9a0rU43K5L7kVCe2kaPnHIrbLIAGm1oAjoIOI6lQR8x2p25CnhtaXotsgn+pdY+4wfjVHx/PeLuiFtm2p7KZP1yOo6b1Asc84q05/iFiRs+Zjb3sg/jNVS1eBy4VomsWVRPQ6i80u6bTnEwQJ2k7E/sfEVl/+OHCZtKXiZDY2307xv1qp5v7VPxBWBpVQxZdRAkDGJ8xmYnHxrW9VjlH5WURxSsgceS18FGkmWOsBS3lJ0gL/ACg5iT7vWt1bDPaFy2XUr7yrcaCvWFZoUqZlIGxHavP+V32S6rYDpa1KTBH/ACgIgjPUbddqsOF9tX1MhUAGCAoiPLpYzmTsc9RWfBJRbbL8qukiTzXjngNqJuLPmjdZYglcjH2xMUvZ3mKWkZuIZgrjz7thhpBEdyScDEDes9x/NpukoAFMrESCSApYCMTAx0ouaXCwS2BBGokRG2c7ZAP6UsrVp9TTpMeOc1CbpPqy99r/AGtS8PD4eYb33IIJHQKDnuCT0j5ZSwjMQiAljsFEt8gPyq69meRpeuJ4urQWKsQQBIBx3ydO3ffNbzhDwvC+VUW2XuFF0rk7AamgmPU0LG8z3N0jsvX6XQQ8PTxcn5/yzGco9jOJue8BaUESXPmOJwozsesVufZ7kq8MrKHZy2kkkADEjygbD5nah5RzG5cF13QLB8onBUaoM/LPwoeRc5N2VuDTcG4iBE4j5Eep7VqxYYQakupxNZ8Sz6lOM6S8l/bLVm86joVYfdfyms/zjnxstbY5VZ1qMkgDSxk7RP8AmpvtDzZLCB2aCJYAbkQVmI6FgflWZsWX4nh2JUF8obhMGHeYMCRhgZxInsBTzzadR6mPHBPl9DY8s5gLyahHSQDMSJE9jHSi4rjkU6SRJxBMZIMfCTiqy1xi8LYVuIfSAEBgkiSdOF6QSASIB3qu9s+N4QpFwzdUaljcfzBSQDHeKu3/AC89Srb81FBY5gzcTauMxP8AEIAJGkCCSRHTUP5pGBXonCkwQd87tqPzlRHwjtXkfK+KDEAXIYK7GVkeUExO5JAO2wnrVt7Ec4Nu+WvMQrjTqYZMnHmPuqMncdN6y4cm2TUi7LBUmj0uahXOc2FfwzcXXJGmciBqz2xBHeaiXfajhVj+MDmMBm75wNsGsL7Q86Xx7/hKNDAAErpnHnKnse5jpjrWl5odmimMPM3P/FvDdWI+n60q8zvILjF/MdWTg79evelUfFZb4cR0sXFIhFYeZWIaCAQQTpIE7jGetRr6nAFv3tjgdSPxmteeXWeGU3OJF1lDQFQiGmYJg6ulXPK/aDl6Wi6aV90QEOsSTuTLHbeY29axbMc38rM0Mmtiv+6Kr0PP+E9muLuZSy51fBcfFiIHrV9wP/p4d+Jvhe62xrb4ajgH5GtTd9orRwH0DtpM/YQK5f7xsdbw+jfpWuOkS5ZRL4sukWjhwHstwVsYt6/W5LH6e6PpUv8A3Pwx/wDZtiP7R+lD/vLh/wDqZHo0/hSPM7EE+J1g4aZG4iJxUngguxnescuXL9xDkvDdLNvH9opHkfDHewvy/wAGuT84s4hpnfDCM/8Ab2zRWuaWWaBcHoCrDPxOPtTlhile39iMdUm6Ulf1H/4f4X/ofc//ALUDez/DAmbIiCT5mkDvvt+tSGdDALEkTEgz84AB+YqLxfM7dsO5BWANTacwCfWIEk5PU4qmsN8Uaksq6pnQ8o4b/pEAkjd16HuZM9oO9RW9mbLnVHhqJ/qJPaQTj4Y/Ola9obAMlXnvAJj46q5XvaG2T/7kf9o/WrVok+qXsZ/+QjHhS92RuK9n7/l0ut22hHlXyHfqvU//ACJ+YouA491LhrXhtOJQIogZxJaOkmPyqVwnPLOoLqbzYypiTtsal3uYcPcBVriMvZhI37EVmz/DdycVfsa8PxeknJp/ejMp7eqXRQLR1LrabjIUjMee2AzRmAam+0HtBbS0HaybyTBKg+XsTKiJ6ZE1x5pyLgHLPqXUVK4JLRG2cHpltqjXeAsKrKr6wttQuWKhlJKaWMqggNIg7jMCs09BBNfK1X7/AHOli+JYp87l/A3Jb/DcVbZkt3LaAnVNwf0lp64wfpUWxYs3Fd7RvKy2zc/i6CGXSSfdz1qdY4G6l9XuWmvIdWrJCOGWJIiDAIEADbrFSU4m7bJW3w+gs5AfGgtM22IUKBHmEbHG81Q47W0u/by/k28SV1fqZvgLw1XCSIhVAJ2YFLe8bFY9MDtVZxN17eJLLtqUnvnBHyr0A37yuttUfy2zbt3Cow7KoViASpAYEnfc/PP8y4S8Zt3Gspo/nKhFYgHSwJyZkmB9IBrVG7XHUy5IvbbMpw9wawylgFM4AG2d89R960PAHUkklmLl21TABhYBaSQc/NfhUTmFl7AR3TSGUFdIhH6hlb+mCOkTXHltzxRcKloGSPeGZI//AA/CpZIt8tURxVF15kxuMcEIqkKRIkydWD8BlYqaX4u6yXCrMIXJZcgt5iczlsx610JIKm3qaUJ/ioImQCAGEQZAkfaak8m4tibhS2qgYI8R9J1apIB1RtuDiah4ihH0NPhX0Bsc94yy+t5liZUkQfKBbUZkQZxMmMzUqz7QcRq8VrP8UOobQhM29MkBTMEyufT1rjzLivBt6/AtuRDCGLsSDgAtbOcmu3B86L8P41y26BTJGrziCqjBAEydu0U45pySa6FUsEd1d+F7kHmF7i77XPEs3fDbTp1KSNQOmcjaC23frvUW3zziuHlAHQO3mLKc6fcgsI65jtV//vK1bS0126UW4utCUOAIkNo1AKJG/wB6lrdS4vlv2GDZALgj47TQs73bnG15ok8EWnGMuV1/2Yrj+d+Lq8aQzuW+AkkL6TOf+0Ux4jynyyMyYBPQ7HfYVqOJ9nbDbpaJOTpaJ9SBufWKhXvY8GSnEaJEaYEdusNmozyb3fQpelkujRQWyurDMMZIgSJMbL612a2ZUBo3kE5+IOQdj9a6XvZPiEkhrT/BiGxMRrkDfaa53OA4hIL2WAOOjRAwRpM/6moSV8plXhTj1QNsEGGaZzJ7zjYQfn29akJcJEBgcAjt96heMVxOkZ3jHTr8vr1p7izmBHTpAquUb6grRIuWlJPkH0NKoqq/dfvSo+fz/cu3LyPQ/aRTctqLcN5wSBuPKwmZ9RWQ5/7O8Q6qUtsWF0EwwBKkHV1Ej3cVsOc8E1xAB0OrA7AiPvWW4/hr1vcPGTIDRuIEgVbgT8Sm0vqa8kqgtqvlcfVkVOF49UCrYJZXAlikG3DZy0SCAMzg1GvXuYW9T3bCqmdTQsAHaAHMGY29alNZvSdPiDNuQNTCIcHY94MVE4rXos2m1DVcXDEzvBGT0JrX4mSNcp3/AHzM2PQ6bLkk9iTtt8fc0PMuF4hr1zQwm11aZnSrgKZnVmqnibHMCf4dgMxJ98gdFMktcHUt9KvucJ/9xZZIW5bExMDxLQQMY7FRnpWZt2eIVB5rjEaySZ6wIzjpIPrShkyKckpKl5mbJodM6bx9afuG1jmimG4az/5qfwvGpPLE4w6jesKqhSQLfvkiIXLkfMmq+zZulQ/gXCFPmbTiTIg9DuMH0qRb4MqzXksuC8hSwDDXoYQCQNzMDv1py1GXlJr+/ckvhWj4e1HHm/Bczun+GDZtofIFuBWJ/q1ByZ36gZ2qNwnJ+P1g3jdZch1e5qDTOYLkRtVvxHBraVRcdbDa4NttakiAzN5cgwwzvkUXD8TZ4c6bCo7MfKVLMWEAz5gGwZ37VC+Ktexbc8c04wb6Nc8MPlXKeLKOGFtTjQ1xiRuJJVM7TGRmPjVunspfe2p8e0GOox4baf7IPiSPXecbVS2vaXiCdLW0ViuoqZJHmYQdvNj7itJwftW7BQ1pU1agJMe6ATjUT1G0z9KJajJjXDfuYv0izZHOeNW/QzL8r5hZvKGSw4DAyhIIGCD5mH2moqjmAZp4NWEnSfFRcfymNR/Z9K0vN/a22WtW9Gtrnusk6ckCJI3kjGIkGqPmlyOI0rbKXjhwxOkqYyIkA+owc9aa1uV+n1v+SWL4djcqlj480kdeUNduXNN3hblpQoyW1hm1AEAqBAIO2Yg5NXHL+Vpc4g2zHh6NQyQxOqDB2jK1mV5LxFu7cbQ91WDwRuTBIIHSrXgkuWWswoBAGoqjPplgTvOYA+cxvTnPK/mU+PRstx6LSr5XjV89Uajg+Qvavgi6GtMcqw82AxjqDt72CAIq0fl1k+9bUxnYdz/ms7xXtYbKh7/lZdPkVSdRcDGR5SA2Z7EdpiXvbu21xQjsoYhW8oBMnBg7DJkzNVTimr6mvHCVVFUunBqX4c6QFJiIgs3TBiDHpWb9s+VPet21VQrh5Op4EaG6ljU7kXMXa4/nlDrZcHSA1yR03iPhkdKteJcnR2LGRH9j4inp24zU49UQ1EU4uMujMJe5A4sKrcQbdxWY/wAO294FSijSCgEHB6xtVp7O8vCNde/xNy411RDeBctMsZkMVKjGAB+dXnD8VYGvU1tBqBhigwbaGcGNjT2OO4YMfD0SDGpE1b4mUBx0JMCrckpzk3xz+SGPGoxTV8fghcXb4J1UF3XM6ijhiJyPdA6bkGq61y3htTG3fYq0kKEYkQDA1aTOetah+aopANwCZyVbThoPmjTj41E4bnlpVS2bkGFHuNGRPvaYj1ms8sa5jZfGbatWZnmPDqqoutCSJYkFQG7KGAJ+OKj8fcsf7MbYvoZn+Vlk6lZSJG0iJNbrjuPFuA7Rq2wc5HUCms8Wl3VpcNpiRHceoqDx88SomptVKulP7o849pLtm8lpLV1FVLRTzNBBLap+BEZmqrifZzUil3RIKr7yjfO7CDMtAGfL1Ga9D5nzXlwuNauhNYIUg2piYzqKRGQZo+ZPwdgaGt2mkrK+QmV8wBk4xJA+kVow7oQ8OL46lc47G5uL+b9zzm37Mksz3TbtgKQQLikTpIgSfLEzneDtvXbh/Z+0IVyrQRKi5bnVEmZMenfavReD4jhbjaVtBCBiQqj4AhonNRubcJw/iKHDq6wywBp+sZEiDmoyytptv2LIKvlSfPmZ7hbfCprlUGpAFEq2kwBjzGc+aat7jcMQ7eHbjwkX3AQry8CY3JcQfSrS17MWA5cJJM9FIg7wAvWuJ4rhdLWzb0qpII0gDfOExHWdutVuCjzb+5LfKT6W15D/AP0PlHgW9TCVHg+YgzkDRnAP0NR+DTg2e+r2EVQyKItFSPLJ1aVBUzOD0AqwtcBYcAhAdO3vGBuB9IrpxNhdJ8vQ/wAsdD/bTcbXBVx3Hs8s4fSNPD2Y6SnTpuKVcLNk6R7/ANf/AOaVLY/QVQD5NzMX7SXAEDMsldYJBG4jeovtFdIZFDFWgyqsZI6GB6gisz/6dmb10ZkoCIgHBg536jHrWj5ryG5dbUAJGmNRJOPWT3P27U5bZPa+PU1anH+myvarrsUl66VVtQZvdPUv5TnT39/7GqDiuJW5xPDhdUB7c6tyS4JP4VouM/2u1cIUqgMEQqzAZFMlpMyw9IrPLw91uJt3buNTq5diAPKA8HsdKwO5xvV8MCjUrshg1EJ7nKo0nwa32pu+HxSNMa+GRZAkyLgP4TQcBebWGYqy5JEL2MY+NH7U8UH4yybDT4SlGIggHSQI7icH/Si1u5GpdcTAKidtQ6YAyPmKpzRg8rbv7FkFP9NHZV1zfYhcR7TWgz25Ya7tu5o8MknTo2IaI8gx+tcrlsO8BLiliSCyOoBzB1EQJ3n1qyRLYARNEqTiJjUJcZAMwSpxnFM/BcPnyWlYqVDaFn3QojE7BfkPStT00ZR3Rv7HJjr3inUoq+nJn+L9nwilr90wrOVGpixFwW9KzJJZYwcg0uD4Lh2uL4Zh1zs2YABBnqe/STWifgLirfdLoUoJQTpDkW1KgnpsFnO1CQpg/wC1XWVkJwCGBxpBHbPypPBCrlJ/Tp+CyHxHLzGMevR8P8nCzxKLcCsQ28qVZsSCTAXGYM1O5uti7esoHCMrMujQwJ0m2SB5YAyudsiuvCcmtMqO1254mmCcZwQZBEiQdpkfEVN4vkVm4yXGLa0a4VYbjWEDD4QBWbwYpvanXqWrUZJU5tJ+ioo73Cp45VbREabhPva3lgpVdmICYJI904IFDwvEeMs3LY16NBOZZQvbIEhp753q24f2YsoxZHZSSCSHIkiY3B71F4zhmS5oRWbSo1HfeI2ERGPlUPDkpXXBf4sWqTJFnmRACwdIhYztOnf4VI4HgnZT4cPnJkLBGD0OZG1VA4e6QwKEb7yOp/xU72ee/wAOmlELqGyHiZMSdUDpt8t96tUtip9ytx3u11X9oLifY0t/FZW1rLeW4ATBLRHhmd9jVVwnKFtoAOHvyCcAAY1qwk+HJPlXOOora8JzkusXLTISI8rBgJHcRVRwnA3UuqVNzRpMhnJE4jfr9dulXRhCSvcZp5cuOSjt4fX0Kzh+e8PYY8OZtaQsBnjAVQAZGPKFxXa5xPjKty0zMA38rxIyDBDCSMfcSKm8VwF03HcWrLFtIPiIHkKMdR3P2qFwfIblvSFQQAQVUrpJYqdUPq2Ibps0dKsTxx5Taf8ArkryeI1VJ+5W8y46zbOhnUORgOzFSDgyQDjB6VU3PZ22q+IjK05AtXlwDkf8xFkfOtNxHs48XR4aXNaqF1tOkrcuPjyiB5gIHQdsCfd5W7BB4VlQro0KoXAIkTJxE4j9aeNYV83LfqOeo1Sjsgkk10XQyNtbsWLZZkGliTpDICHuapIbqBHrApcLduyS/DsQuNKMWYiCy4C4E/ST3r0JU6QAOkY/DakU+P1qnK1kbdLn059yeFTxpXJ8dEuiMJzO9fhQLbMqkALc8pVT/NOkE/y4jGcmK7cFeuIJFm6HX+YSUMrK7pDD3R8yelbRbcdSf36UxX1aq3C0lS49y5Tkm3b59ePY855vya/fLXrr3Dc90C3ZGllWApmeuT+4rrwvL+MYFHe+4B8pICgaZVSQPNso2ncdpr0IfE0sVbvlTVL2IuTaSt0vUxFrk3ErfRwvEaVmf4lv3tY0xI20SeuYp+M5Px93LgFgwhi4gIJ/lidWe8elbaFptA9KIy2qqXsiEo7pbm37swdr2d4lboOi9ojIF60ZMDqwn+rp2qVY9l+IZIZlUkCcg+bVMyAYx261sop5jvTcnVfge1XfL+5ml9mXFzxEYp5dIUOWUYSPeUzGls4nV6VY8Jy5rYjWzeUAz/VJLNt1J22EVZs2KZie377f5qrw03bLN7Soj2rbqAJ2A6Uqk6qVS2ojuMNwfs21pta8WEZYyqd+h83XtW4GqB5sxnHXrVLyzh74BDqxyCCxk4I7n06CrgW2rHBz3NSbf1/0bM2SU6bog8z5Ml4hnMsAQDAMTE7g9hmqLmPscIOniHCdQQDH+K1vg0LcKDua0xm4dG/cySxxly0jJcdwpF3WtyCoRNP9cIuZBx0OPWnucWq/zSJAwW6sM7AQN99gYq7bkbeIzC7CkqdOnsukiZgiApGJBHYxTjkA21Ej1zWbWSnPJcYtql3o06WSxw2t92Z/xVvAgEifEXUCwKgPpLiDkEwRB6jau/I+IPgILgJYmI3OTgsZ7ZntV0PZ1QCA7Cd//INjsZG9KxyAKFAc+UDMb/Kd/rSxzzQ/wX7kc0cWZfN/4Rr6lE1AI3mURqjLMq9u5n5VZ8PwdpAIRQRuYjtP1ihflCnGpiME9SSCCJJnsKk/7KJnNX+Jkn/kjPHDih/iNcKxkD41xuK2kae57g5C/pUlVxk/p/iiNsdqsUproDjF9SqvcUUEsVUf3HT27/GoP+2FfEum0LuqCoLdlCmImdp+daJ7QbeCO361ws8tRSdJIDGYnr6VVm8SUaRKChF2Uzc6WPLYtapUEAHUCd8ROBPaYqNd4wWyS9q42ptU29ICggQrBm3mdpGa0qcEM+Zz6lj+UUD8ttztme537771leDI+qRfHJCPQp+Hu27g8tsjpJa2RPbyk5gGrzg2KoiEyVVVMbSAASJrmOWWpJ0/cz8s13FofAjvn0+NX4MUoNukiGSamqCk5pw1MVxie/pT6hAz8608lHA84pmakD9qFTn9/SpAHPrQk/PMUC3ARI+Y/XtRr0/f+aAGn/HWmBBzBpM0H44FPmPzP50gGI6fv40yg04HUfD942pmO/p22+4oAZvjHXp+xT6T+9qEjYbZkx+PenS4Nv0/KgBiOn40hPT8h9qeSMkxPfcgbRBoDle3Y4zTA6T/AJofnn99aAn4nvtk/aiI+RP7xSAWodCKVDDdh9KVMCXNNNNTMfX71WOwhSoGbrP0p5xToLCpE0JNKen7/CgY805pjSFMB5pDegmP3P0pTnYmfoKBWEGknt8f3FIH1H5fCh1ZAobbdiCJOfnkUxHScmkRjBpiw/1picyevWKAFO0/s07GOh+VCsj95pyJ/T/NABE/SmUT+X+KE7xPrTaiSDkehG9ABBiCfqY3+tMkQe0ztTE75/Cko6fiR09NqAHA7/v4mkxEZj0/QU2neMT1O/4iiC7EjNFgMDucCe3U/GnLHfb86FnzHf6fb86ZmAH9Q/fpFCAIbY/fwpsThswD/rSYxvt3n8czSLgPpySe1MBepP6f4+NJTP8ApiPwNNcGmDiBuCfXpPWmYyuoZ205H3mgAo9BHp/jbNDIC/Htv/mmYxAMQc+XcHfbr9KTASZGfTf54ApAOUGTMfHYflTFMZkz0/e/ymiMmPv0x9YmgJk5b4T+ff60AOpjAjaNvxpm0gk9h1OI6+lMGAjt3OZHpuaa4wAzv0nf5TvQSB8p2XV6jrSpLcB/nP8A5R9ulKgXBKn1+n7ikTQn5n9+tJpPSPj/AKGgQ5udBn9/ekfhHfv9qETGPrEfbP4UxYD09Ov0zQAZaP3H4U6n9/s0Oqev0G35UiD6n4GPxpMB59f1pz86EL2H4/pSiNh9hTActEk/nSk7/jihP7gZ/EClOfyxPxORH3oAfMkyI+OP386Vx+2/b/FCGG4g+u4+tOCehx6Y+tACKiSesAZP6z+FFmP0GPrQqc7R+/SfuBSVSD6fT5dz9qKAMD4/ehcjrAjvTff4f6fnSYMIgR8SJ/P8aKAYmWWQZPYDP50TfljrHypMSfTp/pihYqcE5G3Uj6k0xMe6MgRqB3wP38qTvERk9D0Hz2prqgRIPpAkj406NI9ZzmPrBosKH2z1j4/cmh8THeczP6RSY+YAkR9p9KYlpx5pPooA7jEn5UmMITAP+IptLaskCesR8BFPPm3MdoMz9KZpkFRgbmBn/NFhQiYySFOwJaB8qTkgAqNROCdjHcT+tE8GVJmemP0prkRGQvYDp8f0p2AggjIz16nv86EPqzqAjsRj0IiiWI0iV/tEfln70rS6SBIBMx3pAMDMEjHTSCfvXG3bOYPXECWHf3ifpXS9bmNUn1A/EdqKNK9ABv6j6b0+QAvKZEMRsAN5+UfhFEwJzJB+e/UQaREwM+mrY/LFJ0k7kfX7NH60iRytrDYMT/Kcme4OIozcGwOROCZj49adtJIaNsAzvneZpKwJZQBA3iN52g/v1oInLSew+v8AmlXXPU/YD86VHI7CQSOpnu0fhTCOw+n601KjuLsEbZOwP1A+exP0pkOSBE9YB+5kTSpUwCJb1+UR+NCCTt9Zz+GKVKjsJdRnUnpj4g/iKLRESqj4iT+NKlSH3GUien0imYgZJAH/AMj9BgU1KhgGCYmfhPb7/jTwczn5fqaVKjuHYHGxI7CBEEUy3PNAknqZ/KlSpoTE4IGSYHrn7USd1AH1/DalSoGMbcmR9c/aCK6R1nB7YmlSpAxlG2nr3JocTA6D5n5kd6elTQmPcXuYmIPr0EU7NAk7fHelSoQMZe/T02/Wl4mDMD0ztSpUD7A4JUx6igDydIUzvmJ9TP8AmlSpiOl15En3fv8AaguFQQ7fAD1pUqEAbSw97faBH3oC+IXYbzM/UUqVRGLDwAScfAfP70CsTJjVGYwo/Mz9KelR3A6MTIGJ/c0ja80gAdzsftSpUIkciD6H1ilSpUWI/9k=",5
20,Grande Island,Active,"https://res.klook.com/images/fl_lossy.progressive,q_65/c_fill,w_1295,h_863/w_80,x_15,y_15,g_south_west,l_Klook_water_br_trans_yhcmh3/activities/uknoasw6off2qnwwkt9s/GrandeIslandDayTripFromNorthGoa.webp",5
21,Arambol Beach,Active,https://a.travel-assets.com/findyours-php/viewfinder/images/res70/124000/124295-Mandrem-Beach.jpg,6
22,Dudhsagar Falls,Active,https://i0.wp.com/oneday.travel/wp-content/uploads/one-day-goa-to-dudhsagar-waterfalls-sightseeing-tour-package-private-cab-header.jpg?fit=1568%2C1045&ssl=1,6
23,Mollem National Park,Active,https://im.whatshot.in/img/2020/Nov/e2854ff5-b739-4016-8a79-ab616dbf1125-1604491641.jpeg,6
24,Arpora Night Market,Active,https://static2.tripoto.com/media/filter/tst/img/15546/TripDocument/1461047945_cid_0291_567109e0a4b4da66d6fc42d37dd7718c.jpg,6
